Date,Ticker,Close,Volume
2019-01-02,COST,184.86178588867188,2143100
2019-01-03,COST,180.94351196289062,2877700
2019-01-04,COST,186.1979522705078,2761600
2019-01-07,COST,186.88414001464844,2226600
2019-01-08,COST,188.28347778320312,2366500
2019-01-09,COST,189.5023193359375,1862900
2019-01-10,COST,190.17037963867188,2340700
2019-01-11,COST,190.05300903320312,1861100
2019-01-14,COST,188.6897430419922,1523100
2019-01-15,COST,190.52249145507812,1681900
2019-01-16,COST,189.75506591796875,1455000
2019-01-17,COST,190.9106903076172,1517100
2019-01-18,COST,192.833740234375,2115400
2019-01-22,COST,191.75930786132812,3310800
2019-01-23,COST,191.4794921875,2220200
2019-01-24,COST,189.87245178222656,1994400
2019-01-25,COST,188.75294494628906,2252300
2019-01-28,COST,190.28773498535156,1999400
2019-01-29,COST,189.87245178222656,1636500
2019-01-30,COST,190.81141662597656,1589800
2019-01-31,COST,193.7726287841797,4341100
2019-02-01,COST,189.83631896972656,3453700
2019-02-04,COST,190.65792846679688,1630300
2019-02-05,COST,191.04611206054688,2074500
2019-02-06,COST,191.03712463378906,1618800
2019-02-07,COST,189.24473571777344,2526600
2019-02-08,COST,188.06781005859375,2013700
2019-02-11,COST,188.94595336914062,2376600
2019-02-12,COST,191.82464599609375,2091200
2019-02-13,COST,192.63943481445312,1703000
2019-02-14,COST,193.58090209960938,1411100
2019-02-15,COST,195.961669921875,2635500
2019-02-19,COST,197.4553985595703,1938100
2019-02-20,COST,196.5410919189453,1785600
2019-02-21,COST,194.83917236328125,1615300
2019-02-22,COST,195.7987823486328,1542500
2019-02-25,COST,196.48675537109375,1794000
2019-02-26,COST,196.99374389648438,1884100
2019-02-27,COST,197.39205932617188,1482700
2019-02-28,COST,198.0166778564453,2055600
2019-03-01,COST,198.65036010742188,2178200
2019-03-04,COST,197.71792602539062,2444700
2019-03-05,COST,198.9943389892578,2160200
2019-03-06,COST,198.46023559570312,1985300
2019-03-07,COST,196.2513427734375,3279100
2019-03-08,COST,206.23643493652344,6782700
2019-03-11,COST,207.92921447753906,3748400
2019-03-12,COST,210.88943481445312,2647100
2019-03-13,COST,213.98541259765625,2421200
2019-03-14,COST,211.68609619140625,2300300
2019-03-15,COST,211.4687957763672,5075400
2019-03-18,COST,214.17556762695312,1735400
2019-03-19,COST,214.5919952392578,1852300
2019-03-20,COST,214.5286102294922,1499500
2019-03-21,COST,216.8460693359375,1617000
2019-03-22,COST,215.0536346435547,1873600
2019-03-25,COST,214.51951599121094,1357100
2019-03-26,COST,216.4206085205078,1193000
2019-03-27,COST,216.72837829589844,1351200
2019-03-28,COST,218.36688232421875,1396700
2019-03-29,COST,219.19973754882812,1968000
2019-04-01,COST,221.05551147460938,1610200
2019-04-02,COST,217.71511840820312,1574300
2019-04-03,COST,219.50755310058594,1663600
2019-04-04,COST,221.24562072753906,1319700
2019-04-05,COST,222.57635498046875,1616200
2019-04-08,COST,223.16481018066406,1244200
2019-04-09,COST,221.707275390625,1450200
2019-04-10,COST,222.3409881591797,1556600
2019-04-11,COST,218.38504028320312,2719800
2019-04-12,COST,219.0277099609375,2187600
2019-04-15,COST,222.9927520751953,1859700
2019-04-16,COST,222.09654235839844,1360500
2019-04-17,COST,222.2957305908203,1363000
2019-04-18,COST,222.52206420898438,1365000
2019-04-22,COST,220.3584747314453,1300000
2019-04-23,COST,222.31385803222656,1524600
2019-04-24,COST,224.4683074951172,1156400
2019-04-25,COST,222.3319549560547,1278200
2019-04-26,COST,220.72056579589844,1842900
2019-04-29,COST,221.13702392578125,1429700
2019-04-30,COST,222.26856994628906,1427600
2019-05-01,COST,218.7018280029297,1350400
2019-05-02,COST,219.6976318359375,1237600
2019-05-03,COST,221.44480895996094,905900
2019-05-06,COST,221.09178161621094,1194900
2019-05-07,COST,217.4254150390625,1775200
2019-05-08,COST,218.4755859375,1611900
2019-05-09,COST,220.9989471435547,1919300
2019-05-10,COST,224.22132873535156,2036500
2019-05-13,COST,219.59201049804688,1962800
2019-05-14,COST,220.3272705078125,1635100
2019-05-15,COST,222.08819580078125,1194800
2019-05-16,COST,224.60255432128906,1800600
2019-05-17,COST,225.42857360839844,1672000
2019-05-20,COST,225.9278106689453,1600500
2019-05-21,COST,226.86273193359375,1504200
2019-05-22,COST,226.48146057128906,1242300
2019-05-23,COST,225.59194946289062,1822800
2019-05-24,COST,224.47543334960938,1340200
2019-05-28,COST,223.57687377929688,3164100
2019-05-29,COST,218.4755859375,2594900
2019-05-30,COST,219.24708557128906,2030300
2019-05-31,COST,217.46795654296875,4058100
2019-06-03,COST,218.82046508789062,2512500
2019-06-04,COST,222.94143676757812,1761500
2019-06-05,COST,225.0745391845703,1825500
2019-06-06,COST,228.02459716796875,1487800
2019-06-07,COST,232.38157653808594,2270200
2019-06-10,COST,233.14404296875,1839500
2019-06-11,COST,233.38003540039062,1613500
2019-06-12,COST,233.489013671875,1071700
2019-06-13,COST,235.74009704589844,1228500
2019-06-14,COST,236.13943481445312,1287800
2019-06-17,COST,237.3013458251953,1191900
2019-06-18,COST,238.49041748046875,2763200
2019-06-19,COST,239.32557678222656,1628400
2019-06-20,COST,242.67495727539062,1745100
2019-06-21,COST,241.567626953125,2964000
2019-06-24,COST,242.14845275878906,1586100
2019-06-25,COST,241.7762908935547,1182400
2019-06-26,COST,240.00631713867188,1334400
2019-06-27,COST,241.0683135986328,1122900
2019-06-28,COST,239.8701171875,1952500
2019-07-01,COST,239.22569274902344,1955800
2019-07-02,COST,240.968505859375,1201300
2019-07-03,COST,244.29978942871094,986500
2019-07-05,COST,243.4918975830078,1081500
2019-07-08,COST,244.53575134277344,1236000
2019-07-09,COST,245.05311584472656,1400300
2019-07-10,COST,246.369384765625,1257000
2019-07-11,COST,251.0167694091797,1985600
2019-07-12,COST,253.64915466308594,2046400
2019-07-15,COST,254.68385314941406,1568000
2019-07-16,COST,254.7473907470703,1379200
2019-07-17,COST,255.5734405517578,1716600
2019-07-18,COST,256.7987976074219,1696100
2019-07-19,COST,255.52804565429688,1607600
2019-07-22,COST,254.31173706054688,1459100
2019-07-23,COST,254.2482147216797,1117800
2019-07-24,COST,254.91085815429688,1257100
2019-07-25,COST,253.975830078125,1600200
2019-07-26,COST,255.40090942382812,1447700
2019-07-29,COST,254.2755126953125,1257400
2019-07-30,COST,253.7035369873047,978200
2019-07-31,COST,250.19078063964844,1886900
2019-08-01,COST,249.22854614257812,2634300
2019-08-02,COST,247.34963989257812,1969200
2019-08-05,COST,240.63259887695312,3329800
2019-08-06,COST,244.4540252685547,2383000
2019-08-07,COST,248.9834442138672,3037500
2019-08-08,COST,249.43727111816406,2046700
2019-08-09,COST,248.65675354003906,1284300
2019-08-12,COST,246.26943969726562,1638600
2019-08-13,COST,250.76266479492188,1724600
2019-08-14,COST,243.4010772705078,2122100
2019-08-15,COST,246.46011352539062,1623200
2019-08-16,COST,248.8018798828125,1230800
2019-08-19,COST,250.1725616455078,1313400
2019-08-20,COST,247.77626037597656,1390600
2019-08-21,COST,250.23619079589844,1682300
2019-08-22,COST,254.08482360839844,2345500
2019-08-23,COST,248.72032165527344,1984300
2019-08-26,COST,252.75949096679688,1426400
2019-08-27,COST,265.39483642578125,5169000
2019-08-28,COST,267.3100891113281,5162100
2019-08-29,COST,269.7936706542969,2613100
2019-08-30,COST,268.14697265625,1801000
2019-09-03,COST,265.6816711425781,1842900
2019-09-04,COST,269.3841552734375,1375700
2019-09-05,COST,270.1575012207031,1865300
2019-09-06,COST,276.33441162109375,3018100
2019-09-09,COST,272.00408935546875,3397200
2019-09-10,COST,270.184814453125,2725000
2019-09-11,COST,264.4444885253906,4754700
2019-09-12,COST,263.7166748046875,2942600
2019-09-13,COST,265.5451354980469,2306300
2019-09-16,COST,262.6250305175781,1508900
2019-09-17,COST,265.0994567871094,1758900
2019-09-18,COST,266.02728271484375,1666000
2019-09-19,COST,261.8426208496094,3004700
2019-09-20,COST,260.5053405761719,3409500
2019-09-23,COST,261.6062316894531,2025400
2019-09-24,COST,261.91546630859375,2483200
2019-09-25,COST,262.4613037109375,1827800
2019-09-26,COST,262.2339172363281,1877300
2019-09-27,COST,260.1324768066406,1538100
2019-09-30,COST,262.0974426269531,2151500
2019-10-01,COST,258.2948303222656,2648900
2019-10-02,COST,259.3683166503906,2480600
2019-10-03,COST,262.906982421875,3590200
2019-10-04,COST,265.3359375,4513300
2019-10-07,COST,266.9189147949219,1988700
2019-10-08,COST,265.5361633300781,2201100
2019-10-09,COST,270.09368896484375,2235500
2019-10-10,COST,270.3121337890625,1637500
2019-10-11,COST,270.7305603027344,1855500
2019-10-14,COST,270.6578063964844,1297600
2019-10-15,COST,271.4492492675781,1580700
2019-10-16,COST,271.8040771484375,1811100
2019-10-17,COST,275.0972900390625,1734600
2019-10-18,COST,275.5157165527344,1853900
2019-10-21,COST,273.8963317871094,1322900
2019-10-22,COST,272.8865966796875,1955600
2019-10-23,COST,270.47589111328125,1798700
2019-10-24,COST,270.230224609375,2056700
2019-10-25,COST,269.7299499511719,1686200
2019-10-28,COST,271.9495849609375,1672600
2019-10-29,COST,269.14764404296875,1295300
2019-10-30,COST,272.76837158203125,1264300
2019-10-31,COST,270.8719482421875,2277400
2019-11-01,COST,269.94207763671875,1364500
2019-11-04,COST,270.6076354980469,1651600
2019-11-05,COST,272.75921630859375,2204500
2019-11-06,COST,274.938232421875,1675000
2019-11-07,COST,278.2567138671875,2399400
2019-11-08,COST,275.8955383300781,1501600
2019-11-11,COST,274.2726135253906,1160900
2019-11-12,COST,273.9626770019531,1540800
2019-11-13,COST,276.15069580078125,1517900
2019-11-14,COST,277.69146728515625,1336400
2019-11-15,COST,276.8435974121094,1706100
2019-11-18,COST,277.6458740234375,1241300
2019-11-19,COST,275.5489807128906,1761400
2019-11-20,COST,274.0265197753906,1979500
2019-11-21,COST,273.75299072265625,1302500
2019-11-22,COST,272.8777770996094,1277300
2019-11-25,COST,272.6407470703125,1613000
2019-11-26,COST,274.6372985839844,3359100
2019-11-27,COST,274.1997375488281,1906500
2019-11-29,COST,273.33355712890625,981600
2019-12-02,COST,271.1273193359375,2705500
2019-12-03,COST,269.55926513671875,1921400
2019-12-04,COST,270.3340759277344,1742000
2019-12-05,COST,267.2161560058594,1941100
2019-12-06,COST,268.90283203125,1462000
2019-12-09,COST,269.09423828125,1960000
2019-12-10,COST,269.6595153808594,1565900
2019-12-11,COST,269.2218933105469,1749800
2019-12-12,COST,271.0816955566406,2742700
2019-12-13,COST,266.0947570800781,5195600
2019-12-16,COST,267.5807800292969,2410000
2019-12-17,COST,269.4498291015625,2474100
2019-12-18,COST,266.0947570800781,3309800
2019-12-19,COST,267.77227783203125,2333600
2019-12-20,COST,268.7932434082031,4866500
2019-12-23,COST,267.40765380859375,1309800
2019-12-24,COST,268.2463684082031,543600
2019-12-26,COST,269.6138000488281,1101800
2019-12-27,COST,268.13690185546875,1439100
2019-12-30,COST,269.0760803222656,1238900
2019-12-31,COST,267.9637451171875,1550700
2020-01-02,COST,265.74835205078125,2103600
2020-01-03,COST,265.9671325683594,1926000
2020-01-06,COST,266.0400390625,2655100
2020-01-07,COST,265.6207275390625,1963400
2020-01-08,COST,268.66571044921875,2492800
2020-01-09,COST,272.97802734375,3261200
2020-01-10,COST,270.9905700683594,2024200
2020-01-13,COST,273.3882751464844,1778600
2020-01-14,COST,273.2789306640625,1459900
2020-01-15,COST,274.2543640136719,1604000
2020-01-16,COST,276.2692565917969,1758600
2020-01-17,COST,277.77349853515625,2506500
2020-01-21,COST,285.59588623046875,3585900
2020-01-22,COST,284.3467102050781,2218900
2020-01-23,COST,285.2494201660156,1535900
2020-01-24,COST,283.0886535644531,1986100
2020-01-27,COST,282.122314453125,2265100
2020-01-28,COST,283.3986511230469,1571700
2020-01-29,COST,282.24078369140625,1713700
2020-01-30,COST,282.1405029296875,1232600
2020-01-31,COST,278.5393371582031,1837000
2020-02-03,COST,275.3302001953125,2816800
2020-02-04,COST,277.9739990234375,1982300
2020-02-05,COST,281.6664733886719,1731800
2020-02-06,COST,283.7769470214844,1917900
2020-02-07,COST,286.5360107421875,1903500
2020-02-10,COST,286.6822204589844,2336300
2020-02-11,COST,283.84088134765625,2047500
2020-02-12,COST,287.8973388671875,1384600
2020-02-13,COST,290.711181640625,1438000
2020-02-14,COST,290.8116455078125,1113400
2020-02-18,COST,294.228515625,1547100
2020-02-19,COST,295.1147766113281,1413600
2020-02-20,COST,296.0832824707031,1427500
2020-02-21,COST,294.1372985839844,2239000
2020-02-24,COST,286.52685546875,2300400
2020-02-25,COST,278.5328063964844,2881800
2020-02-26,COST,279.2819519042969,2236000
2020-02-27,COST,267.806884765625,3625300
2020-02-28,COST,256.852783203125,7091800
2020-03-02,COST,282.4339294433594,7563800
2020-03-03,COST,276.5776062011719,5131400
2020-03-04,COST,293.03173828125,4219300
2020-03-05,COST,288.4820251464844,6407700
2020-03-06,COST,284.4438171386719,6185500
2020-03-09,COST,275.8924255371094,5203100
2020-03-10,COST,282.67132568359375,4245500
2020-03-11,COST,271.7354736328125,3622700
2020-03-12,COST,255.67417907714844,7307600
2020-03-13,COST,276.1573486328125,6100100
2020-03-16,COST,258.7164001464844,5465500
2020-03-17,COST,280.4696044921875,7170600
2020-03-18,COST,280.9355773925781,6701800
2020-03-19,COST,278.8525695800781,5429500
2020-03-20,COST,265.33111572265625,6581200
2020-03-23,COST,260.863525390625,5646400
2020-03-24,COST,260.32452392578125,7124200
2020-03-25,COST,256.5969543457031,5639600
2020-03-26,COST,267.04864501953125,5463100
2020-03-27,COST,259.7672424316406,4250400
2020-03-30,COST,265.9705810546875,4396000
2020-03-31,COST,260.49810791015625,5618600
2020-04-01,COST,262.0055236816406,3745800
2020-04-02,COST,266.2994384765625,3500600
2020-04-03,COST,263.7140197753906,2650100
2020-04-06,COST,278.7611389160156,5272500
2020-04-07,COST,277.39990234375,4036500
2020-04-08,COST,279.5377197265625,3964400
2020-04-09,COST,274.0926818847656,6487600
2020-04-13,COST,273.7362976074219,3120400
2020-04-14,COST,287.001953125,4288300
2020-04-15,COST,283.46624755859375,2937300
2020-04-16,COST,293.7808837890625,3940000
2020-04-17,COST,290.4554138183594,3688000
2020-04-20,COST,285.119873046875,3156300
2020-04-21,COST,275.2985534667969,3833000
2020-04-22,COST,282.6897277832031,2970600
2020-04-23,COST,279.01690673828125,2625200
2020-04-24,COST,283.7220764160156,2019400
2020-04-27,COST,282.1050109863281,2287300
2020-04-28,COST,278.60589599609375,2425900
2020-04-29,COST,280.5609130859375,3667700
2020-04-30,COST,277.4567565917969,3794300
2020-05-01,COST,276.4677429199219,2525400
2020-05-04,COST,278.82110595703125,2477500
2020-05-05,COST,281.96197509765625,2460900
2020-05-06,COST,282.8501892089844,2406700
2020-05-07,COST,279.2882080078125,2601800
2020-05-08,COST,280.1488952636719,2337400
2020-05-11,COST,284.1688232421875,1865900
2020-05-12,COST,279.1415710449219,2264900
2020-05-13,COST,276.66925048828125,2954900
2020-05-14,COST,274.4715881347656,3718900
2020-05-15,COST,273.98626708984375,4577200
2020-05-18,COST,277.2369689941406,3987300
2020-05-19,COST,278.9493408203125,3523000
2020-05-20,COST,279.2056579589844,2827000
2020-05-21,COST,276.5135803222656,2492100
2020-05-22,COST,276.9348449707031,2366400
2020-05-26,COST,279.10498046875,3234600
2020-05-27,COST,280.2130126953125,2980200
2020-05-28,COST,283.4637451171875,4301900
2020-05-29,COST,282.4656066894531,4971800
2020-06-01,COST,282.30084228515625,2293700
2020-06-02,COST,281.201904296875,2528900
2020-06-03,COST,280.7898864746094,2165900
2020-06-04,COST,284.5534362792969,4553900
2020-06-05,COST,285.7347106933594,4375600
2020-06-08,COST,281.2935485839844,3764500
2020-06-09,COST,279.791748046875,3155800
2020-06-10,COST,281.4217224121094,2713700
2020-06-11,COST,275.4697265625,3443000
2020-06-12,COST,273.5192565917969,4020000
2020-06-15,COST,272.12744140625,3266800
2020-06-16,COST,275.9549255371094,2633800
2020-06-17,COST,274.3525085449219,2188400
2020-06-18,COST,274.31585693359375,1881800
2020-06-19,COST,274.6181335449219,3438000
2020-06-22,COST,275.12176513671875,2094400
2020-06-23,COST,275.89093017578125,2409600
2020-06-24,COST,272.8966064453125,2398100
2020-06-25,COST,275.19500732421875,2274300
2020-06-26,COST,271.5597229003906,2866000
2020-06-29,COST,276.1656494140625,1841700
2020-06-30,COST,277.6490783691406,2391700
2020-07-01,COST,279.0592041015625,1906100
2020-07-02,COST,279.9656677246094,2540500
2020-07-06,COST,285.23101806640625,2332400
2020-07-07,COST,289.5714416503906,3346600
2020-07-08,COST,289.6538391113281,2364500
2020-07-09,COST,298.0966491699219,5313600
2020-07-10,COST,298.7284851074219,2484100
2020-07-13,COST,295.6974792480469,2583200
2020-07-14,COST,300.3492736816406,1844800
2020-07-15,COST,299.1588134765625,1770700
2020-07-16,COST,298.7650451660156,1402000
2020-07-17,COST,297.4098205566406,1768100
2020-07-20,COST,298.9848937988281,1863300
2020-07-21,COST,300.11114501953125,1874200
2020-07-22,COST,300.6239318847656,1312600
2020-07-23,COST,298.6186218261719,1561700
2020-07-24,COST,298.3163757324219,1423400
2020-07-27,COST,299.98297119140625,2083300
2020-07-28,COST,299.95550537109375,1374000
2020-07-29,COST,298.6460266113281,1341300
2020-07-30,COST,298.0771484375,1390300
2020-07-31,COST,298.72857666015625,2149900
2020-08-03,COST,302.2065734863281,2480200
2020-08-04,COST,311.8145751953125,3933300
2020-08-05,COST,311.9797058105469,2923700
2020-08-06,COST,315.0447692871094,2104300
2020-08-07,COST,312.8424072265625,1759000
2020-08-10,COST,312.0072937011719,1503800
2020-08-11,COST,305.06048583984375,2065600
2020-08-12,COST,309.0340270996094,1853900
2020-08-13,COST,308.0612487792969,1536500
2020-08-14,COST,308.59356689453125,1522900
2020-08-17,COST,311.97064208984375,1504700
2020-08-18,COST,312.69549560546875,1489400
2020-08-19,COST,312.83319091796875,1730100
2020-08-20,COST,312.8056335449219,1717500
2020-08-21,COST,316.2377014160156,2372600
2020-08-24,COST,315.7972717285156,1461500
2020-08-25,COST,316.32952880859375,1176200
2020-08-26,COST,315.9257507324219,1757000
2020-08-27,COST,317.8435974121094,2220700
2020-08-28,COST,319.6882019042969,1487300
2020-08-31,COST,319.0366516113281,1586900
2020-09-01,COST,322.4503479003906,1773700
2020-09-02,COST,329.314453125,2434900
2020-09-03,COST,319.6239013671875,3630400
2020-09-04,COST,318.0363464355469,2557000
2020-09-08,COST,310.9611511230469,2144300
2020-09-09,COST,317.90789794921875,2100900
2020-09-10,COST,311.5760192871094,1959600
2020-09-11,COST,311.2088623046875,1599600
2020-09-14,COST,314.6869201660156,1522300
2020-09-15,COST,315.5954284667969,1362500
2020-09-16,COST,315.4302062988281,1656500
2020-09-17,COST,310.9794921875,2681500
2020-09-18,COST,308.29986572265625,3409300
2020-09-21,COST,311.61260986328125,2427400
2020-09-22,COST,316.0909118652344,2128100
2020-09-23,COST,316.256103515625,3577100
2020-09-24,COST,318.43096923828125,5779300
2020-09-25,COST,314.3748474121094,7338500
2020-09-28,COST,320.8351745605469,3459200
2020-09-29,COST,323.1477966308594,2526000
2020-09-30,COST,325.772216796875,2525800
2020-10-01,COST,328.9473876953125,2053000
2020-10-02,COST,325.78155517578125,2125000
2020-10-05,COST,329.0575256347656,2093500
2020-10-06,COST,328.8464660644531,2760400
2020-10-07,COST,333.13201904296875,1959100
2020-10-08,COST,335.0315856933594,1793100
2020-10-09,COST,339.04180908203125,1730700
2020-10-12,COST,345.4837951660156,2806900
2020-10-13,COST,349.3380126953125,1823300
2020-10-14,COST,347.190673828125,1904400
2020-10-15,COST,345.57562255859375,1697800
2020-10-16,COST,350.127197265625,2459400
2020-10-19,COST,344.6395568847656,1938100
2020-10-20,COST,347.16314697265625,1282300
2020-10-21,COST,346.7135009765625,1466500
2020-10-22,COST,344.8139343261719,1813200
2020-10-23,COST,343.7585754394531,1108000
2020-10-26,COST,340.1888732910156,2145000
2020-10-27,COST,342.033447265625,1525400
2020-10-28,COST,334.9122619628906,1908300
2020-10-29,COST,335.4639892578125,1838500
2020-10-30,COST,328.8072509765625,2724100
2020-11-02,COST,335.0318603515625,1646300
2020-11-03,COST,341.9920349121094,2013100
2020-11-04,COST,345.86273193359375,2449800
2020-11-05,COST,354.1927795410156,2255800
2020-11-06,COST,354.5881652832031,1950200
2020-11-09,COST,335.5926818847656,4371300
2020-11-10,COST,337.0821228027344,2662600
2020-11-11,COST,342.8746032714844,1688800
2020-11-12,COST,345.4397277832031,1535900
2020-11-13,COST,348.3176574707031,1274600
2020-11-16,COST,349.1910095214844,1691500
2020-11-17,COST,351.1494445800781,3299100
2020-11-18,COST,351.4344787597656,2134600
2020-11-19,COST,352.63897705078125,1768900
2020-11-20,COST,350.4138488769531,1807600
2020-11-23,COST,350.9563293457031,1679600
2020-11-24,COST,353.26416015625,2061100
2020-11-25,COST,356.50970458984375,2034200
2020-11-27,COST,357.09814453125,1329400
2020-11-30,COST,360.205810546875,3733800
2020-12-01,COST,365.66876220703125,2996800
2020-12-02,COST,361.8381652832031,2212800
2020-12-03,COST,352.921875,3976400
2020-12-04,COST,352.3369140625,2839700
2020-12-07,COST,352.24249267578125,2652900
2020-12-08,COST,356.2713317871094,2685500
2020-12-09,COST,353.1483459472656,2461600
2020-12-10,COST,351.73309326171875,2566300
2020-12-11,COST,353.91253662109375,3483900
2020-12-14,COST,353.2333068847656,2778400
2020-12-15,COST,350.87451171875,2133900
2020-12-16,COST,348.5722961425781,2385100
2020-12-17,COST,349.374267578125,2314200
2020-12-18,COST,346.2701416015625,4140000
2020-12-21,COST,344.3547668457031,2329700
2020-12-22,COST,341.58087158203125,2105500
2020-12-23,COST,341.44873046875,1782100
2020-12-24,COST,343.98681640625,972500
2020-12-28,COST,350.1007385253906,3207700
2020-12-29,COST,351.6670837402344,2072600
2020-12-30,COST,353.29931640625,1778000
2020-12-31,COST,355.4977111816406,1628900
2021-01-04,COST,358.6773376464844,3322200
2021-01-05,COST,354.5164489746094,2748400
2021-01-06,COST,349.1194763183594,2661400
2021-01-07,COST,347.1381530761719,2849500
2021-01-08,COST,349.0440673828125,2599700
2021-01-11,COST,343.4489440917969,2562500
2021-01-12,COST,343.62823486328125,2387600
2021-01-13,COST,346.22296142578125,1968800
2021-01-14,COST,341.8827819824219,2363900
2021-01-15,COST,341.7035217285156,2340400
2021-01-19,COST,334.44781494140625,4533800
2021-01-20,COST,340.89208984375,2767200
2021-01-21,COST,342.3073425292969,2121600
2021-01-22,COST,341.8356628417969,1960300
2021-01-25,COST,341.4393615722656,2735900
2021-01-26,COST,344.36419677734375,1807000
2021-01-27,COST,336.2594299316406,3120800
2021-01-28,COST,336.89154052734375,2251100
2021-01-29,COST,332.5230712890625,2598700
2021-02-01,COST,330.720947265625,2371200
2021-02-02,COST,335.4951477050781,1905000
2021-02-03,COST,335.14605712890625,1759800
2021-02-04,COST,336.41290283203125,3411600
2021-02-05,COST,335.77001953125,2165600
2021-02-08,COST,340.1754455566406,2520700
2021-02-09,COST,339.920166015625,2154000
2021-02-10,COST,336.6681213378906,2162400
2021-02-11,COST,332.96221923828125,2088400
2021-02-12,COST,333.4822082519531,2096600
2021-02-16,COST,334.6639099121094,1829000
2021-02-17,COST,338.4832458496094,2143000
2021-02-18,COST,337.4244384765625,1914900
2021-02-19,COST,335.3918762207031,1839400
2021-02-22,COST,331.08087158203125,2215600
2021-02-23,COST,323.4611511230469,3692600
2021-02-24,COST,322.09039306640625,3305800
2021-02-25,COST,315.66180419921875,3618100
2021-02-26,COST,312.9202575683594,3362200
2021-03-01,COST,313.6481018066406,4653200
2021-03-02,COST,310.51898193359375,4660100
2021-03-03,COST,306.22698974609375,4064200
2021-03-04,COST,301.61358642578125,5501200
2021-03-05,COST,299.9875183105469,8102800
2021-03-08,COST,294.4098205566406,4873500
2021-03-09,COST,301.3676452636719,5426800
2021-03-10,COST,306.1418151855469,4523500
2021-03-11,COST,310.6985168457031,4338900
2021-03-12,COST,313.0526123046875,3182100
2021-03-15,COST,312.45697021484375,3243000
2021-03-16,COST,309.3750915527344,3066700
2021-03-17,COST,311.2090759277344,2672400
2021-03-18,COST,305.3382568359375,2736900
2021-03-19,COST,310.94439697265625,4859300
2021-03-22,COST,316.2196350097656,4064900
2021-03-23,COST,321.7500305175781,3641200
2021-03-24,COST,319.5757141113281,3006400
2021-03-25,COST,327.42230224609375,4307100
2021-03-26,COST,332.7921142578125,3061200
2021-03-29,COST,336.6964111328125,3012000
2021-03-30,COST,330.6461181640625,2602400
2021-03-31,COST,333.2270202636719,2832200
2021-04-01,COST,335.5526123046875,2938600
2021-04-05,COST,341.1114196777344,2705700
2021-04-06,COST,340.4495849609375,2142000
2021-04-07,COST,339.2112121582031,1808400
2021-04-08,COST,341.4895324707031,2839200
2021-04-09,COST,343.3708801269531,1610800
2021-04-12,COST,344.8835144042969,1836600
2021-04-13,COST,345.2616271972656,1796400
2021-04-14,COST,343.3330383300781,1509400
2021-04-15,COST,348.655517578125,1850100
2021-04-16,COST,350.4706115722656,2249200
2021-04-19,COST,349.3645935058594,1560000
2021-04-20,COST,351.42547607421875,2330700
2021-04-21,COST,353.6565246582031,1531800
2021-04-22,COST,350.98114013671875,2138000
2021-04-23,COST,352.8908996582031,1404500
2021-04-26,COST,348.3907470703125,2059700
2021-04-27,COST,349.9884948730469,1875900
2021-04-28,COST,349.40234375,1305600
2021-04-29,COST,353.89306640625,1848300
2021-04-30,COST,352.51934814453125,2118900
2021-05-03,COST,359.3690490722656,2685800
2021-05-04,COST,355.551025390625,2133800
2021-05-05,COST,352.9078369140625,1905300
2021-05-06,COST,362.628173828125,2641400
2021-05-07,COST,364.1061096191406,1817100
2021-05-10,COST,361.4154968261719,1998700
2021-05-11,COST,358.28900146484375,1859700
2021-05-12,COST,352.6236877441406,2344600
2021-05-13,COST,359.5679626464844,2023100
2021-05-14,COST,364.2007751464844,1876100
2021-05-17,COST,363.7650146484375,1830800
2021-05-18,COST,362.67547607421875,1698200
2021-05-19,COST,359.69110107421875,1725000
2021-05-20,COST,363.40496826171875,1427300
2021-05-21,COST,360.6954345703125,1706600
2021-05-24,COST,363.2818603515625,1657000
2021-05-25,COST,365.1103210449219,1379700
2021-05-26,COST,365.33770751953125,1648000
2021-05-27,COST,367.1188049316406,4452000
2021-05-28,COST,358.37420654296875,4681200
2021-06-01,COST,358.3363952636719,2117800
2021-06-02,COST,360.5722351074219,1881000
2021-06-03,COST,363.67974853515625,1780300
2021-06-04,COST,367.13775634765625,1765900
2021-06-07,COST,360.3922424316406,2515800
2021-06-08,COST,359.72906494140625,1553800
2021-06-09,COST,359.97540283203125,1398900
2021-06-10,COST,362.86505126953125,1404000
2021-06-11,COST,361.7469482421875,1404200
2021-06-14,COST,363.5755920410156,1652600
2021-06-15,COST,363.7176208496094,1252000
2021-06-16,COST,359.4543151855469,1801700
2021-06-17,COST,364.5134582519531,1686500
2021-06-18,COST,360.8470153808594,3415700
2021-06-21,COST,366.45556640625,1631600
2021-06-22,COST,371.5526123046875,1934800
2021-06-23,COST,371.3537292480469,1538000
2021-06-24,COST,371.44842529296875,1487300
2021-06-25,COST,373.7601318359375,2056100
2021-06-28,COST,375.683349609375,1645500
2021-06-29,COST,377.81500244140625,1523600
2021-06-30,COST,374.8591003417969,2031700
2021-07-01,COST,373.7790222167969,1523400
2021-07-02,COST,377.9570617675781,1676600
2021-07-06,COST,377.8812561035156,2113100
2021-07-07,COST,383.3951721191406,2308600
2021-07-08,COST,385.73529052734375,2235500
2021-07-09,COST,390.6806640625,2304200
2021-07-12,COST,386.4269104003906,2491300
2021-07-13,COST,385.6500244140625,1540300
2021-07-14,COST,388.3880920410156,1265800
2021-07-15,COST,390.1596374511719,1894100
2021-07-16,COST,388.785888671875,1413900
2021-07-19,COST,392.36712646484375,2293100
2021-07-20,COST,394.3471984863281,2045400
2021-07-21,COST,393.1819152832031,1480000
2021-07-22,COST,395.5788269042969,1339200
2021-07-23,COST,401.1589660644531,1344500
2021-07-26,COST,400.96954345703125,1220000
2021-07-27,COST,402.0211486816406,1666500
2021-07-28,COST,400.0126647949219,1362700
2021-07-29,COST,403.6670227050781,1434200
2021-07-30,COST,407.8813171386719,2283900
2021-08-02,COST,407.12200927734375,1366900
2021-08-03,COST,412.9593811035156,1448100
2021-08-04,COST,412.9310607910156,1280500
2021-08-05,COST,420.66680908203125,1742600
2021-08-06,COST,417.2877197265625,1789800
2021-08-09,COST,418.08502197265625,1472500
2021-08-10,COST,420.5149230957031,1893700
2021-08-11,COST,421.7204284667969,2267500
2021-08-12,COST,422.7265319824219,1230700
2021-08-13,COST,425.0615234375,1309300
2021-08-16,COST,429.8453369140625,1515600
2021-08-17,COST,429.3517761230469,1936700
2021-08-18,COST,423.5332946777344,2030100
2021-08-19,COST,431.1742248535156,1953700
2021-08-20,COST,435.66387939453125,1911200
2021-08-23,COST,431.8101806640625,1835900
2021-08-24,COST,428.8297424316406,1541700
2021-08-25,COST,428.2981872558594,1520600
2021-08-26,COST,426.47576904296875,1418600
2021-08-27,COST,427.453369140625,1310200
2021-08-30,COST,432.75933837890625,1219800
2021-08-31,COST,432.34161376953125,1699000
2021-09-01,COST,433.3192443847656,1325400
2021-09-02,COST,437.5431823730469,1455000
2021-09-03,COST,439.04290771484375,1302400
2021-09-07,COST,436.2427978515625,1463400
2021-09-08,COST,442.0328063964844,1372000
2021-09-09,COST,442.2607116699219,1398700
2021-09-10,COST,441.52020263671875,1324800
2021-09-13,COST,436.29974365234375,1679500
2021-09-14,COST,435.11334228515625,1383900
2021-09-15,COST,437.31536865234375,1770300
2021-09-16,COST,439.7642517089844,1577500
2021-09-17,COST,436.1573791503906,3411400
2021-09-20,COST,428.2127685546875,2602000
2021-09-21,COST,429.1333923339844,1531300
2021-09-22,COST,429.3423156738281,1380800
2021-09-23,COST,429.7694396972656,2061200
2021-09-24,COST,443.9786682128906,3353800
2021-09-27,COST,437.1539611816406,2526000
2021-09-28,COST,424.6153564453125,2632700
2021-09-29,COST,428.8297424316406,1922000
2021-09-30,COST,426.51373291015625,1836400
2021-10-01,COST,425.5455322265625,1860700
2021-10-04,COST,417.7718200683594,2264000
2021-10-05,COST,423.561767578125,1808700
2021-10-06,COST,426.5042419433594,1334600
2021-10-07,COST,429.8548889160156,1966200
2021-10-08,COST,428.88665771484375,1545800
2021-10-11,COST,426.8459777832031,1011700
2021-10-12,COST,424.1597595214844,1380900
2021-10-13,COST,422.6695556640625,1621500
2021-10-14,COST,427.7571716308594,1480400
2021-10-15,COST,429.3992614746094,1494800
2021-10-18,COST,438.4734191894531,2141300
2021-10-19,COST,443.3426818847656,1365300
2021-10-20,COST,445.8959655761719,1352900
2021-10-21,COST,452.9769287109375,1423300
2021-10-22,COST,457.49493408203125,1710300
2021-10-25,COST,465.1927795410156,1903400
2021-10-26,COST,460.8550109863281,2378600
2021-10-27,COST,464.2530822753906,1741800
2021-10-28,COST,466.35418701171875,1362400
2021-10-29,COST,467.314453125,2471600
2021-11-01,COST,467.6280822753906,1548700
2021-11-02,COST,472.495849609375,2012200
2021-11-03,COST,477.57257080078125,1856000
2021-11-04,COST,490.2076416015625,2615000
2021-11-05,COST,487.8309020996094,2071700
2021-11-08,COST,478.9797668457031,2834800
2021-11-09,COST,483.6382141113281,1881800
2021-11-10,COST,480.59588623046875,1226600
2021-11-11,COST,486.9371337890625,1227300
2021-11-12,COST,491.6811828613281,1780200
2021-11-15,COST,494.2672119140625,1392300
2021-11-16,COST,500.760498046875,1690700
2021-11-17,COST,500.3516845703125,1609400
2021-11-18,COST,503.2799987792969,1664200
2021-11-19,COST,507.4821472167969,1909800
2021-11-22,COST,513.0534057617188,2190500
2021-11-23,COST,518.3867797851562,2147000
2021-11-24,COST,522.636474609375,2316400
2021-11-26,COST,519.2138671875,1844800
2021-11-29,COST,527.5326538085938,2919100
2021-11-30,COST,512.7966918945312,4244200
2021-12-01,COST,503.7267761230469,2877100
2021-12-02,COST,499.61029052734375,3277500
2021-12-03,COST,502.8616638183594,2984400
2021-12-06,COST,506.9211120605469,2432900
2021-12-07,COST,515.3065795898438,2579800
2021-12-08,COST,503.9833679199219,3037500
2021-12-09,COST,498.4883117675781,3200500
2021-12-10,COST,531.2786254882812,6333600
2021-12-13,COST,529.7572631835938,3415200
2021-12-14,COST,518.4628295898438,3494400
2021-12-15,COST,537.6102905273438,2937100
2021-12-16,COST,525.3935546875,2683000
2021-12-17,COST,520.6209716796875,5752000
2021-12-20,COST,521.5242309570312,2033600
2021-12-21,COST,518.5482788085938,2472800
2021-12-22,COST,522.5794067382812,1454500
2021-12-23,COST,523.2449340820312,1757800
2021-12-27,COST,535.6993408203125,2262900
2021-12-28,COST,536.811767578125,1155000
2021-12-29,COST,539.7872924804688,1753000
2021-12-30,COST,536.1175537109375,1338700
2021-12-31,COST,539.7208862304688,1509200
2022-01-03,COST,538.7797241210938,2714100
2022-01-04,COST,536.4219970703125,2097500
2022-01-05,COST,522.817138671875,2887500
2022-01-06,COST,522.7030639648438,2503100
2022-01-07,COST,509.7543640136719,2323900
2022-01-10,COST,493.2309265136719,4916800
2022-01-11,COST,496.30181884765625,2457300
2022-01-12,COST,499.88592529296875,1729500
2022-01-13,COST,491.405517578125,2428100
2022-01-14,COST,478.2000732421875,3872500
2022-01-18,COST,464.01544189453125,3801900
2022-01-19,COST,466.00244140625,2709400
2022-01-20,COST,459.0240783691406,2893700
2022-01-21,COST,457.873779296875,3295600
2022-01-24,COST,464.8044738769531,4412600
2022-01-25,COST,453.7952575683594,3076800
2022-01-26,COST,459.64215087890625,3074900
2022-01-27,COST,458.73895263671875,2372300
2022-01-28,COST,468.16058349609375,1918500
2022-01-31,COST,480.2345886230469,2480700
2022-02-01,COST,483.3529968261719,2347200
2022-02-02,COST,496.292236328125,2547600
2022-02-03,COST,496.8065185546875,2665100
2022-02-04,COST,494.90203857421875,2387400
2022-02-07,COST,491.2076416015625,1863600
2022-02-08,COST,496.2160949707031,1462000
2022-02-09,COST,503.52862548828125,2256700
2022-02-10,COST,493.67376708984375,2558900
2022-02-11,COST,485.2852783203125,2349700
2022-02-14,COST,482.3240966796875,1749600
2022-02-15,COST,489.3318786621094,1984600
2022-02-16,COST,487.88470458984375,1770800
2022-02-17,COST,490.3697509765625,2022800
2022-02-18,COST,488.1417541503906,2154700
2022-02-22,COST,478.1536865234375,2451800
2022-02-23,COST,471.5647277832031,2021400
2022-02-24,COST,481.39093017578125,2859800
2022-02-25,COST,492.73114013671875,2003000
2022-02-28,COST,494.40704345703125,2408900
2022-03-01,COST,497.91094970703125,2316000
2022-03-02,COST,502.73822021484375,2571500
2022-03-03,COST,507.546630859375,3851800
2022-03-04,COST,500.3578186035156,4417900
2022-03-07,COST,503.2334899902344,3896900
2022-03-08,COST,498.32025146484375,3649700
2022-03-09,COST,502.4051513671875,2789700
2022-03-10,COST,507.2324523925781,1777700
2022-03-11,COST,502.1860656738281,1735100
2022-03-14,COST,500.786376953125,1950000
2022-03-15,COST,516.3731689453125,2547900
2022-03-16,COST,517.3919677734375,3017200
2022-03-17,COST,526.3422241210938,1974200
2022-03-18,COST,534.4926147460938,3597800
2022-03-21,COST,528.9511108398438,3136900
2022-03-22,COST,532.655029296875,1777500
2022-03-23,COST,527.5133666992188,1546800
2022-03-24,COST,531.4076538085938,1614200
2022-03-25,COST,529.1223754882812,1974900
2022-03-28,COST,538.1680908203125,2056100
2022-03-29,COST,542.7098388671875,2005400
2022-03-30,COST,548.8893432617188,2086500
2022-03-31,COST,548.2989501953125,3439800
2022-04-01,COST,548.0322875976562,1933500
2022-04-04,COST,547.6133422851562,2201800
2022-04-05,COST,547.7942504882812,1826800
2022-04-06,COST,556.811279296875,2646200
2022-04-07,COST,578.9583740234375,4804200
2022-04-08,COST,571.3316040039062,3230200
2022-04-11,COST,556.697021484375,2792700
2022-04-12,COST,553.54541015625,2142000
2022-04-13,COST,562.8098754882812,2211800
2022-04-14,COST,562.143310546875,2206200
2022-04-18,COST,554.2689819335938,2161900
2022-04-19,COST,565.8663330078125,2327800
2022-04-20,COST,574.6547241210938,1793300
2022-04-21,COST,563.4287719726562,2027900
2022-04-22,COST,544.3474731445312,2878200
2022-04-25,COST,541.0244750976562,3154500
2022-04-26,COST,527.265869140625,2057400
2022-04-27,COST,527.5703735351562,2261600
2022-04-28,COST,535.982177734375,2118700
2022-04-29,COST,507.1040344238281,2968000
2022-05-02,COST,504.462158203125,3303400
2022-05-03,COST,503.63250732421875,2398000
2022-05-04,COST,519.2255859375,2465200
2022-05-05,COST,493.3707275390625,3977000
2022-05-06,COST,480.056884765625,3560800
2022-05-09,COST,475.73663330078125,3292700
2022-05-10,COST,478.2449035644531,2729400
2022-05-11,COST,466.43804931640625,2782900
2022-05-12,COST,463.6723327636719,2829500
2022-05-13,COST,474.2488708496094,2338600
2022-05-16,COST,471.6357727050781,1579700
2022-05-17,COST,467.7636413574219,2602800
2022-05-18,COST,409.5209045410156,9511600
2022-05-19,COST,403.3504333496094,5839600
2022-05-20,COST,397.1513671875,5115000
2022-05-23,COST,409.5972595214844,3687200
2022-05-24,COST,417.4461975097656,3473400
2022-05-25,COST,419.7350769042969,3225100
2022-05-26,COST,443.4632263183594,5917600
2022-05-27,COST,448.9661865234375,5719600
2022-05-31,COST,444.6363525390625,4424500
2022-06-01,COST,435.8335876464844,2319400
2022-06-02,COST,465.0360412597656,4950600
2022-06-03,COST,454.20196533203125,2857400
2022-06-06,COST,450.5969543457031,2297000
2022-06-07,COST,449.9389953613281,2435500
2022-06-08,COST,446.3243713378906,1697000
2022-06-09,COST,450.1964111328125,3087500
2022-06-10,COST,441.8610534667969,2549900
2022-06-13,COST,431.31304931640625,3113400
2022-06-14,COST,433.7449645996094,2224600
2022-06-15,COST,437.5503845214844,2250200
2022-06-16,COST,430.8457336425781,2906600
2022-06-17,COST,426.01043701171875,3623400
2022-06-21,COST,441.6703186035156,2420600
2022-06-22,COST,438.6661071777344,1827500
2022-06-23,COST,453.0098876953125,2030100
2022-06-24,COST,461.9460754394531,2862600
2022-06-27,COST,459.4473876953125,2034700
2022-06-28,COST,446.9156799316406,1754600
2022-06-29,COST,448.0887145996094,1275600
2022-06-30,COST,457.0917663574219,3852400
2022-07-01,COST,463.271728515625,2660400
2022-07-05,COST,465.6560363769531,2489400
2022-07-06,COST,469.8427429199219,2262300
2022-07-07,COST,472.0362548828125,2125200
2022-07-08,COST,478.3211669921875,2607800
2022-07-11,COST,475.8033447265625,1891100
2022-07-12,COST,467.8590393066406,1775300
2022-07-13,COST,469.4326171875,2008400
2022-07-14,COST,488.2397155761719,3715600
2022-07-15,COST,498.7399597167969,4265100
2022-07-18,COST,492.39776611328125,2464100
2022-07-19,COST,496.1459045410156,2391000
2022-07-20,COST,499.9320983886719,1740700
2022-07-21,COST,504.9486389160156,1716100
2022-07-22,COST,505.19659423828125,1800800
2022-07-25,COST,504.6434020996094,1452700
2022-07-26,COST,488.2301940917969,3334800
2022-07-27,COST,498.1295166015625,2060100
2022-07-28,COST,512.2401733398438,2083300
2022-07-29,COST,517.1314697265625,2131500
2022-08-01,COST,522.3956298828125,2256000
2022-08-02,COST,519.1951293945312,1984200
2022-08-03,COST,522.5867309570312,1693300
2022-08-04,COST,519.0230712890625,2000500
2022-08-05,COST,516.5296630859375,1711500
2022-08-08,COST,517.704833984375,1344100
2022-08-09,COST,511.8962707519531,1877300
2022-08-10,COST,515.7176513671875,2336600
2022-08-11,COST,508.4378662109375,2340200
2022-08-12,COST,513.22412109375,1918200
2022-08-15,COST,521.3827514648438,1848000
2022-08-16,COST,528.3284912109375,2498000
2022-08-17,COST,531.4808959960938,1835200
2022-08-18,COST,535.9137573242188,1619200
2022-08-19,COST,529.7710571289062,1617000
2022-08-22,COST,521.1153564453125,1860900
2022-08-23,COST,517.8671875,1359000
2022-08-24,COST,518.9658203125,1145800
2022-08-25,COST,526.1787109375,1483300
2022-08-26,COST,508.07476806640625,1886800
2022-08-29,COST,507.34869384765625,1579900
2022-08-30,COST,500.73773193359375,1872700
2022-08-31,COST,498.78875732421875,2179800
2022-09-01,COST,505.54327392578125,2280600
2022-09-02,COST,495.9323425292969,1901700
2022-09-06,COST,495.7316589355469,1933400
2022-09-07,COST,505.9922180175781,1827900
2022-09-08,COST,505.4954833984375,1600800
2022-09-09,COST,512.622314453125,1930900
2022-09-12,COST,515.4310913085938,1522400
2022-09-13,COST,487.51568603515625,2881400
2022-09-14,COST,485.318359375,2007300
2022-09-15,COST,481.0192565917969,1749600
2022-09-16,COST,481.6307067871094,3004800
2022-09-19,COST,483.9522399902344,1441300
2022-09-20,COST,477.2169494628906,1843100
2022-09-21,COST,471.0549621582031,2082600
2022-09-22,COST,465.4184265136719,3133100
2022-09-23,COST,445.57574462890625,5377800
2022-09-26,COST,458.8551940917969,4001900
2022-09-27,COST,456.9444274902344,2412400
2022-09-28,COST,466.4884033203125,2419500
2022-09-29,COST,457.5940246582031,1963900
2022-09-30,COST,451.18365478515625,2436700
2022-10-03,COST,456.3998718261719,2338500
2022-10-04,COST,464.42486572265625,2175600
2022-10-05,COST,458.874267578125,1587700
2022-10-06,COST,460.9473876953125,2430700
2022-10-07,COST,447.24761962890625,2568100
2022-10-10,COST,445.4897155761719,1616300
2022-10-11,COST,450.94476318359375,2341400
2022-10-12,COST,445.55670166015625,2043900
2022-10-13,COST,447.0947570800781,3390900
2022-10-14,COST,434.3504333496094,2301600
2022-10-17,COST,443.4454345703125,2097500
2022-10-18,COST,452.1390686035156,1864000
2022-10-19,COST,450.3811950683594,1207600
2022-10-20,COST,443.87518310546875,1709500
2022-10-21,COST,456.8298034667969,2508400
2022-10-24,COST,474.7808532714844,2366200
2022-10-25,COST,476.7774963378906,2130900
2022-10-26,COST,477.1501770019531,2088700
2022-10-27,COST,475.2264099121094,1576600
2022-10-28,COST,488.9412536621094,2369300
2022-10-31,COST,479.9734802246094,2192200
2022-11-01,COST,478.49957275390625,1586300
2022-11-02,COST,462.75567626953125,2464400
2022-11-03,COST,465.4163818359375,2010400
2022-11-04,COST,465.5312194824219,1987300
2022-11-07,COST,467.5793151855469,2036000
2022-11-08,COST,471.6086120605469,1709900
2022-11-09,COST,468.93841552734375,1640500
2022-11-10,COST,491.1042175292969,3098300
2022-11-11,COST,493.3438415527344,2393500
2022-11-14,COST,487.8022766113281,1820200
2022-11-15,COST,503.8716735839844,2502200
2022-11-16,COST,501.6128234863281,1833600
2022-11-17,COST,498.9426574707031,1902500
2022-11-18,COST,501.19189453125,1584400
2022-11-21,COST,500.9047546386719,1268300
2022-11-22,COST,509.1163635253906,1809100
2022-11-23,COST,511.5473937988281,1288200
2022-11-25,COST,510.7530212402344,744200
2022-11-28,COST,508.1307067871094,1684300
2022-11-29,COST,506.2547607421875,1685700
2022-11-30,COST,516.1031494140625,3601800
2022-12-01,COST,482.2322082519531,6970400
2022-12-02,COST,473.30267333984375,3632100
2022-12-05,COST,467.6846008300781,2455300
2022-12-06,COST,460.5065612792969,2995900
2022-12-07,COST,461.28179931640625,2072600
2022-12-08,COST,460.75543212890625,2901000
2022-12-09,COST,462.2867126464844,4211100
2022-12-12,COST,466.7467346191406,2276400
2022-12-13,COST,467.2444152832031,2626700
2022-12-14,COST,462.7652893066406,2145000
2022-12-15,COST,443.99700927734375,3437700
2022-12-16,COST,441.6426086425781,4909200
2022-12-19,COST,438.9436950683594,1939200
2022-12-20,COST,438.1684265136719,1993700
2022-12-21,COST,442.2264404296875,1462400
2022-12-22,COST,439.0201416015625,1906100
2022-12-23,COST,442.7911071777344,1229500
2022-12-27,COST,438.81915283203125,1230800
2022-12-28,COST,433.5457763671875,1324100
2022-12-29,COST,436.9338073730469,1465000
2022-12-30,COST,436.90509033203125,1803200
2023-01-03,COST,433.8232421875,1978100
2023-01-04,COST,436.9625244140625,2097300
2023-01-05,COST,430.86590576171875,2169300
2023-01-06,COST,462.14312744140625,5174500
2023-01-09,COST,458.2000427246094,2384800
2023-01-10,COST,460.7361755371094,1649900
2023-01-11,COST,463.5213623046875,1576400
2023-01-12,COST,461.7220153808594,1628200
2023-01-13,COST,464.4209899902344,1405900
2023-01-17,COST,465.875732421875,1539900
2023-01-18,COST,458.8890686035156,1925500
2023-01-19,COST,449.33746337890625,1919500
2023-01-20,COST,459.5016174316406,2588600
2023-01-23,COST,471.4650573730469,2709400
2023-01-24,COST,470.98651123046875,1510200
2023-01-25,COST,469.8092956542969,1329800
2023-01-26,COST,476.91082763671875,1576400
2023-01-27,COST,481.6866455078125,2034100
2023-01-30,COST,481.67706298828125,1855900
2023-01-31,COST,489.1997375488281,1924100
2023-02-01,COST,495.6791687011719,2080200
2023-02-02,COST,501.83416748046875,2287400
2023-02-03,COST,493.56024169921875,1844100
2023-02-06,COST,494.31768798828125,1740100
2023-02-07,COST,495.2189025878906,1927300
2023-02-08,COST,483.02374267578125,2062900
2023-02-09,COST,479.9748840332031,1517300
2023-02-10,COST,479.3612365722656,1536800
2023-02-13,COST,485.5548095703125,1452600
2023-02-14,COST,482.45806884765625,1257300
2023-02-15,COST,490.1855163574219,1422600
2023-02-16,COST,483.3017578125,1456000
2023-02-17,COST,486.5423583984375,1340400
2023-02-21,COST,481.0390930175781,1811800
2023-02-22,COST,476.86859130859375,1332000
2023-02-23,COST,472.7939453125,1546300
2023-02-24,COST,468.4508361816406,1587600
2023-02-27,COST,466.9360656738281,1501700
2023-02-28,COST,464.20361328125,1918200
2023-03-01,COST,458.92095947265625,1759300
2023-03-02,COST,465.65130615234375,2379200
2023-03-03,COST,455.651611328125,5354200
2023-03-06,COST,463.14892578125,3104700
2023-03-07,COST,465.1335754394531,2659100
2023-03-08,COST,465.9869384765625,1548500
2023-03-09,COST,459.73583984375,1629400
2023-03-10,COST,451.70159912109375,2123000
2023-03-13,COST,452.52618408203125,1799600
2023-03-14,COST,462.036865234375,2422900
2023-03-15,COST,465.62255859375,2226300
2023-03-16,COST,467.1565246582031,1979600
2023-03-17,COST,466.9551696777344,3959300
2023-03-20,COST,469.102783203125,1623800
2023-03-21,COST,470.59844970703125,1664000
2023-03-22,COST,467.40582275390625,1299700
2023-03-23,COST,467.6358947753906,1565900
2023-03-24,COST,474.8360290527344,1635200
2023-03-27,COST,472.87066650390625,1452100
2023-03-28,COST,466.68670654296875,1407800
2023-03-29,COST,470.61761474609375,1643000
2023-03-30,COST,471.20245361328125,1545500
2023-03-31,COST,476.37005615234375,2082000
2023-04-03,COST,476.5234680175781,1804700
2023-04-04,COST,477.19464111328125,1913300
2023-04-05,COST,476.61932373046875,1941500
2023-04-06,COST,465.92938232421875,4114700
2023-04-10,COST,473.4554443359375,1653600
2023-04-11,COST,478.07659912109375,1547400
2023-04-12,COST,469.1602783203125,2063700
2023-04-13,COST,477.34796142578125,1600500
2023-04-14,COST,471.0298156738281,1675300
2023-04-17,COST,473.5609436035156,1411800
2023-04-18,COST,476.39874267578125,1339600
2023-04-19,COST,475.5647277832031,1098800
2023-04-20,COST,484.7206726074219,2936500
2023-04-21,COST,485.458984375,1508600
2023-04-24,COST,490.31976318359375,1374100
2023-04-25,COST,482.4101257324219,1789900
2023-04-26,COST,474.25128173828125,1441900
2023-04-27,COST,480.5885314941406,1361600
2023-04-28,COST,482.45806884765625,1170200
2023-05-01,COST,473.2254333496094,2203200
2023-05-02,COST,474.3950500488281,1940800
2023-05-03,COST,469.8410339355469,1426400
2023-05-04,COST,471.0899658203125,1487000
2023-05-05,COST,479.46771240234375,1709200
2023-05-08,COST,479.46771240234375,1015000
2023-05-09,COST,481.1297607421875,1571800
2023-05-10,COST,480.0440979003906,1257600
2023-05-11,COST,482.1865539550781,1046700
2023-05-12,COST,484.28094482421875,1472800
2023-05-15,COST,482.3306884765625,1135700
2023-05-16,COST,476.671875,1229300
2023-05-17,COST,475.5669860839844,2069500
2023-05-18,COST,478.5453186035156,2298900
2023-05-19,COST,477.0273132324219,1635000
2023-05-22,COST,472.5599365234375,1943800
2023-05-23,COST,465.8347473144531,1800200
2023-05-24,COST,463.80755615234375,1600600
2023-05-25,COST,467.44879150390625,3421900
2023-05-26,COST,487.3457336425781,5302600
2023-05-30,COST,488.08551025390625,2544800
2023-05-31,COST,491.47686767578125,3320800
2023-06-01,COST,492.4761047363281,2407700
2023-06-02,COST,492.46649169921875,2284800
2023-06-05,COST,497.90423583984375,2023500
2023-06-06,COST,495.992431640625,1410300
2023-06-07,COST,491.1599426269531,1784700
2023-06-08,COST,499.6720275878906,1530400
2023-06-09,COST,496.9724426269531,1287300
2023-06-12,COST,500.51751708984375,1404500
2023-06-13,COST,501.5263366699219,1204700
2023-06-14,COST,506.50286865234375,1841400
2023-06-15,COST,508.4050598144531,1871600
2023-06-16,COST,503.09222412109375,3147800
2023-06-20,COST,499.29736328125,1684400
2023-06-21,COST,499.2204895019531,1273600
2023-06-22,COST,503.6206970214844,1114000
2023-06-23,COST,503.8512878417969,1434300
2023-06-26,COST,502.871337890625,1278500
2023-06-27,COST,509.5101013183594,1673600
2023-06-28,COST,511.883056640625,1245200
2023-06-29,COST,510.8166809082031,1121800
2023-06-30,COST,517.2440185546875,2221900
2023-07-03,COST,519.799560546875,951400
2023-07-05,COST,519.8861694335938,1630400
2023-07-06,COST,516.2737426757812,1750100
2023-07-07,COST,504.4374084472656,2740600
2023-07-10,COST,506.3204650878906,1955600
2023-07-11,COST,508.8471984863281,1262300
2023-07-12,COST,516.8788452148438,1960500
2023-07-13,COST,517.311279296875,1647200
2023-07-14,COST,525.2373046875,1828700
2023-07-17,COST,531.2515869140625,1909900
2023-07-18,COST,531.85693359375,1778800
2023-07-19,COST,532.3563842773438,1261100
2023-07-20,COST,535.0946655273438,1732800
2023-07-21,COST,535.959228515625,5264300
2023-07-24,COST,541.791015625,2086400
2023-07-25,COST,543.00146484375,1602500
2023-07-26,COST,543.9429931640625,1306400
2023-07-27,COST,539.7733764648438,1485300
2023-07-28,COST,541.2047729492188,1371400
2023-07-31,COST,538.658935546875,1365900
2023-08-01,COST,533.6630249023438,1445300
2023-08-02,COST,530.6656494140625,1635000
2023-08-03,COST,535.7958984375,1463400
2023-08-04,COST,530.36767578125,1142000
2023-08-07,COST,536.4877319335938,1015400
2023-08-08,COST,534.2876586914062,1020400
2023-08-09,COST,537.7269287109375,1471800
2023-08-10,COST,539.4467163085938,1107200
2023-08-11,COST,540.8590698242188,1043100
2023-08-14,COST,539.427490234375,1247600
2023-08-15,COST,536.5836791992188,1124300
2023-08-16,COST,537.1026000976562,1340100
2023-08-17,COST,525.6312866210938,1941900
2023-08-18,COST,523.5465698242188,1878100
2023-08-21,COST,521.8844604492188,2076100
2023-08-22,COST,517.234375,1286000
2023-08-23,COST,519.6266479492188,1295800
2023-08-24,COST,511.801025390625,1587500
2023-08-25,COST,514.0150146484375,1511500
2023-08-28,COST,516.1134643554688,945800
2023-08-29,COST,522.4469604492188,1468500
2023-08-30,COST,521.9559936523438,1292800
2023-08-31,COST,528.7131958007812,2086500
2023-09-01,COST,523.8714599609375,1437700
2023-09-05,COST,524.33349609375,1714300
2023-09-06,COST,526.2201538085938,1476600
2023-09-07,COST,528.077880859375,1340000
2023-09-08,COST,530.5517578125,1075300
2023-09-11,COST,537.8576049804688,1388600
2023-09-12,COST,537.8671875,1055500
2023-09-13,COST,538.80078125,1162700
2023-09-14,COST,543.6232299804688,1257300
2023-09-15,COST,535.5281372070312,2945300
2023-09-18,COST,541.6499633789062,1003100
2023-09-19,COST,543.2189331054688,1144700
2023-09-20,COST,542.7183227539062,1311500
2023-09-21,COST,534.2960205078125,1687700
2023-09-22,COST,537.674560546875,1527300
2023-09-25,COST,537.7034301757812,1313300
2023-09-26,COST,532.25537109375,2425100
2023-09-27,COST,542.4296264648438,4591400
2023-09-28,COST,547.338623046875,2192400
2023-09-29,COST,543.8060302734375,1887500
2023-10-02,COST,549.9182739257812,1831700
2023-10-03,COST,543.883056640625,2007400
2023-10-04,COST,550.3899536132812,1798800
2023-10-05,COST,548.1954956054688,1579700
2023-10-06,COST,536.6544189453125,4246700
2023-10-09,COST,538.0403442382812,1781500
2023-10-10,COST,541.0435791015625,2176800
2023-10-11,COST,544.3451538085938,1449800
2023-10-12,COST,542.6702270507812,1458000
2023-10-13,COST,545.6156005859375,1243900
2023-10-16,COST,550.8134765625,1428300
2023-10-17,COST,552.8347778320312,1404600
2023-10-18,COST,553.1235961914062,1311900
2023-10-19,COST,544.450927734375,2019600
2023-10-20,COST,532.2265014648438,2295400
2023-10-23,COST,531.6104736328125,1776500
2023-10-24,COST,531.1773681640625,1678600
2023-10-25,COST,529.3966064453125,1757500
2023-10-26,COST,527.0960083007812,1925300
2023-10-27,COST,522.697265625,1503100
2023-10-30,COST,534.1034545898438,1696200
2023-10-31,COST,531.7548828125,1394700
2023-11-01,COST,535.9515380859375,1735300
2023-11-02,COST,536.134765625,2100600
2023-11-03,COST,540.88916015625,1826800
2023-11-06,COST,549.49072265625,2056900
2023-11-07,COST,550.8890380859375,1373100
2023-11-08,COST,547.1377563476562,1343600
2023-11-09,COST,543.1743774414062,1288400
2023-11-10,COST,556.5302124023438,1908800
2023-11-13,COST,557.6006469726562,1650700
2023-11-14,COST,569.7221069335938,2037600
2023-11-15,COST,575.489013671875,2165100
2023-11-16,COST,557.9381713867188,2954700
2023-11-17,COST,556.5592041015625,1773600
2023-11-20,COST,560.0789794921875,1624100
2023-11-21,COST,563.4541015625,1173700
2023-11-22,COST,568.0636596679688,1068600
2023-11-24,COST,570.26220703125,645800
2023-11-27,COST,573.676025390625,1627400
2023-11-28,COST,572.8080444335938,1286800
2023-11-29,COST,566.8871459960938,1319800
2023-11-30,COST,571.5929565429688,1755200
2023-12-01,COST,574.9777221679688,1475300
2023-12-04,COST,577.7068481445312,1624000
2023-12-05,COST,583.7530517578125,2349700
2023-12-06,COST,585.7589111328125,2233900
2023-12-07,COST,589.1534423828125,1690400
2023-12-08,COST,588.9894409179688,1502100
2023-12-11,COST,601.6026611328125,2139300
2023-12-12,COST,607.0415649414062,2374400
2023-12-13,COST,619.0955810546875,2436900
2023-12-14,COST,608.2759399414062,3839200
2023-12-15,COST,635.3154907226562,8807700
2023-12-18,COST,656.9356689453125,5733400
2023-12-19,COST,653.5604858398438,3437300
2023-12-20,COST,637.4177856445312,3782700
2023-12-21,COST,641.4292602539062,2388400
2023-12-22,COST,647.6395263671875,1641700
2023-12-26,COST,650.5517578125,1774800
2023-12-27,COST,657.6331176757812,1875900
2023-12-28,COST,653.98388671875,1496900
2023-12-29,COST,651.0054321289062,1947500
2024-01-02,COST,641.7051391601562,2657700
2024-01-03,COST,635.8270263671875,2612600
2024-01-04,COST,639.4367065429688,2171100
2024-01-05,COST,646.991455078125,2233500
2024-01-08,COST,652.5933227539062,2245300
2024-01-09,COST,658.0078735351562,1886200
2024-01-10,COST,663.5111694335938,1801900
2024-01-11,COST,664.3198852539062,1670800
2024-01-12,COST,673.8471069335938,2388400
2024-01-16,COST,672.1212158203125,1626700
2024-01-17,COST,674.7839965820312,1786800
2024-01-18,COST,677.8611450195312,1900600
2024-01-19,COST,685.4158325195312,2267900
2024-01-22,COST,682.9896240234375,2452900
2024-01-23,COST,678.1372680664062,2208600
2024-01-24,COST,677.0721435546875,1946500
2024-01-25,COST,670.5530395507812,2751900
2024-01-26,COST,677.4370727539062,1825500
2024-01-29,COST,684.4691162109375,2215400
2024-01-30,COST,691.1066284179688,1610500
2024-01-31,COST,685.3270263671875,1928500
2024-02-01,COST,695.8164672851562,2039200
2024-02-02,COST,700.7550048828125,2377400
2024-02-05,COST,702.414306640625,2276900
2024-02-06,COST,702.048828125,1920200
2024-02-07,COST,710.9283447265625,2145500
2024-02-08,COST,715.25439453125,1918500
2024-02-09,COST,714.5037231445312,1426100
2024-02-12,COST,713.52587890625,1572600
2024-02-13,COST,705.4663696289062,1951100
2024-02-14,COST,713.2987060546875,1472500
2024-02-15,COST,715.60009765625,1264100
2024-02-16,COST,715.0866088867188,1764900
2024-02-20,COST,716.765625,2407300
2024-02-21,COST,714.12841796875,1564200
2024-02-22,COST,725.3685302734375,1801600
2024-02-23,COST,728.8551025390625,1265800
2024-02-26,COST,736.1837768554688,1707000
2024-02-27,COST,735.5516967773438,1471300
2024-02-28,COST,738.7618408203125,1365000
2024-02-29,COST,734.7417602539062,3361200
2024-03-01,COST,740.2234497070312,1678100
2024-03-04,COST,749.84375,2133400
2024-03-05,COST,750.604248046875,2353400
2024-03-06,COST,763.7308349609375,2400600
2024-03-07,COST,775.9290161132812,4187900
2024-03-08,COST,716.63720703125,8590200
2024-03-11,COST,705.2985229492188,3762500
2024-03-12,COST,727.8180541992188,3727400
2024-03-13,COST,725.1709594726562,2270300
2024-03-14,COST,722.94873046875,1826100
2024-03-15,COST,716.7063598632812,3390700
2024-03-18,COST,722.5435791015625,1595200
2024-03-19,COST,723.1658935546875,1322700
2024-03-20,COST,731.6106567382812,1398700
2024-03-21,COST,733.4281616210938,2106900
2024-03-22,COST,725.7635498046875,1794100
2024-03-25,COST,721.9708251953125,1604700
2024-03-26,COST,721.9905395507812,1353500
2024-03-27,COST,723.0770263671875,1246700
2024-03-28,COST,723.620361328125,1713300
2024-04-01,COST,712.3703002929688,1600700
2024-04-02,COST,702.5526123046875,2326700
2024-04-03,COST,697.0116577148438,3205500
2024-04-04,COST,696.2115478515625,2252400
2024-04-05,COST,704.9428100585938,1552900
2024-04-08,COST,703.0563354492188,1459000
2024-04-09,COST,709.7529296875,1386400
2024-04-10,COST,713.6939697265625,1832000
2024-04-11,COST,723.3436889648438,2107800
2024-04-12,COST,722.3164672851562,1481800
2024-04-15,COST,709.4468383789062,1808000
2024-04-16,COST,707.1651611328125,1412300
2024-04-17,COST,706.394775390625,1376700
2024-04-18,COST,702.5032958984375,1846400
2024-04-19,COST,700.7845458984375,2190400
2024-04-22,COST,706.6614990234375,1437100
2024-04-23,COST,713.7925415039062,1176200
2024-04-24,COST,714.98779296875,1206600
2024-04-25,COST,714.1270751953125,1613600
2024-04-26,COST,721.3685913085938,1524400
2024-04-29,COST,718.5492553710938,1526900
2024-04-30,COST,715.1558837890625,1734800
2024-05-01,COST,714.4832763671875,1609100
2024-05-02,COST,724.59375,1826900
2024-05-03,COST,735.9309692382812,2323300
2024-05-06,COST,748.3466186523438,1773300
2024-05-07,COST,763.04736328125,1897800
2024-05-08,COST,755.23193359375,1511900
2024-05-09,COST,770.694580078125,1716200
2024-05-10,COST,778.7572631835938,1652700
2024-05-13,COST,766.84619140625,1596800
2024-05-14,COST,769.5667114257812,1327700
2024-05-15,COST,778.6087036132812,1661700
2024-05-16,COST,784.5741577148438,2000000
2024-05-17,COST,787.284912109375,1309100
2024-05-20,COST,784.5050048828125,1347100
2024-05-21,COST,792.3499755859375,1375700
2024-05-22,COST,793.2700805664062,1192800
2024-05-23,COST,787.8092651367188,1519200
2024-05-24,COST,801.0556640625,1623000
2024-05-28,COST,804.4588623046875,1986300
2024-05-29,COST,797.8802490234375,2282800
2024-05-30,COST,806.605712890625,2277800
2024-05-31,COST,801.214111328125,4360700
